timestamp_est,anonymous_id,question
2020-03-18T17:57:10.427Z,7302144e-abbe-4fa4-aaf1-cf5eb674a862,What is Dialogue's position on sick notes?
2020-03-19T11:16:11.354Z,5a65a4bd-05aa-4ca8-b6da-5f807bde3294,What are Dialogue services?
2020-03-19T14:17:16.246Z,6d60c897-dd96-483d-b528-b65fcae4c1b0,Should I practice social distancing? 
2020-03-19T14:00:19.88Z,71a29314-2b32-43d5-b09a-1795a5380e60,LP TEST question
2020-03-19T14:16:05.351Z,f264fd4b-de03-4dc0-8531-fa9d0a1b0633,I'd love to know how long I can be contagious?
2020-03-19T14:05:22.01Z,b09dc15d-a003-475a-8a88-9e6a039accb6,Can I travel?
2020-03-19T13:47:48.848Z,0b0df84f-dcc5-42c0-980e-bafacd3bbdbe,"Je fais une sarcoidose pulmonaire, je suis tu plus a risque si jamais j attrape le covid 19"
2020-03-19T13:40:44.882Z,f75ca552-9cf8-4f52-8151-25c0cea0a8b0,Get I get infected from a dog?
2020-03-19T23:02:18.034Z,58cd9504-720d-44cd-89a2-4cc83cde7b90,Someone from quarantaine came to my office and stayed 20min. Is it a risk
2020-03-19T14:20:00.831Z,8939cba6-f923-44fe-9cf4-8a56e198778b,"What is the difference between a pandemic & epidemic? Why did WHO declare this a pandemic? What is the difference between social distancing, self-isolating and quarantine? To what extent is social distancing helpful? Why should I do this? When should you self-isolate? Will the virus be less effective when we get warmer weather?  When should I go to the hospital? Should I get tested if I was in contact with someone who has or is suspected of having covid19 (but do not have any symptoms)? Should I stop taking medications that suppress my immune system?  When someone in the household is coming and going (for work), how can we keep the home a safe place? Can the virus be transmitted through Air Conditioning? (from outside or from within the home) How long does the virus last on inanimate objects (plastic, glass, cardboard, metal)? What have we learned from countries like China, South Korea and Singapore that have been dealing with this for a longer period of time and have slowed the spread?"
2020-03-19T14:10:37.901Z,cb2c4687-5420-4370-a4fe-776ee5d10fc4,can I go outside
2020-03-19T15:39:52.508Z,b3cd859f-a9f3-4985-a884-0a8387a9daa4,Est ce que la toux est sèche ou grasse?
2020-03-19T14:16:03.429Z,34327a70-7e54-4f53-bdf6-6809c83a8d5e,Je ne me sens pas bien 
2020-03-19T14:08:51.894Z,04fd4b84-3015-492f-aa37-eacf6e432a70,If you start showing flu symptoms should you consult a doctor or stay home?
2020-03-19T12:27:51.796Z,80717fa4-5254-4605-a17f-4288aad9a618,Are we all going to die?
2020-03-19T14:40:42.773Z,4c2c5c1b-2327-45d5-8c63-901cac28ea30,Can I go for a run? Does running/exercise compromise my immune system? 
2020-03-19T14:17:16.25Z,6d60c897-dd96-483d-b528-b65fcae4c1b0,If I think I have symptoms of COVID19 should I go to the emergency room? 
2020-03-19T13:55:41.747Z,59eafb5a-76c4-4e07-891d-6e79276fa82d,"Bonjour,"
2020-03-19T14:06:17.831Z,f75ca552-9cf8-4f52-8151-25c0cea0a8b0,"I had an asthma attack when I was young, but didn't have an episode for over 15 years. Am I still at risk?"
2020-03-19T17:59:25.201Z,ce80a1dc-7cbd-4922-8b00-b491a17da62e,mental health
2020-03-19T18:59:07.385Z,9d2640e3-f634-4b95-85a0-4c6060c3ebaf,Est-ce que je devrais travailler de la maison?
2020-03-19T18:08:56.871Z,d4b6deb3-886d-4746-81bf-3a1f6892b085,"Si j'ai des symptômes faible (toux seulement) et que je suis en isolement à la maison. Je ne suis pas sortis du pays, je n'ai pas cotoyés de gens qui reviennent de l'extérieur et je n'ai pas utilisé de transport en commun. Est-ce que je peut quand même sortir dehors en évitant de passer à moins de 2m d'une autre personne ?"
2020-03-19T19:40:32.987Z,328ca7d6-c2c6-4977-897d-88e8066163e7,J’ai une fièvre est ce que je dois rester chez moi ou aller au travail sans aucun souci? 
2020-03-20T10:58:39.806Z,6a7eff0e-2446-4545-b16d-9b642051e9bf,que dois-je faire si je travail et je suis malade
2020-03-20T11:08:16.057Z,2cf1d255-62d3-4f65-869e-d08648c25dbe,"Je suis pharmacienne communautaire et je prends des immunosupresseurs tel que le plaquenil, le mtx ainsi que humira. Je me demande s'il se"
2020-03-20T11:14:07.001Z,10f6c51e-8097-469e-9f77-ed67e039c9b5,Info santé 811 nous a dit qu'il nous appelerais pour un rendez-vous mais ils n ont pas encore que faut il faire pour avoir un rendez vous de dépistage 
2020-03-20T10:32:08.412Z,f02c477f-ca49-43d3-a93b-cfed6cffa34c,"je vous contacte pour mon conjoint qui n’a pas accès à internet, ni téléphone. Il travail dans une centrale nuclélsire dans la grande région de Toronto. Il est très exposé aux risques d’attraper le virus. Il y a environ 3000 travailleurs à chaque jour qui passent au meme endroits. Il est contracteur, et la Centrale a décider de renvoyer les contracteur chez eux par mesure préventive, car il y aurait eu des travailleurs avec des symptomes qui sont repartis à la maison cette semaine. Mon chum a un système immunitaire assez bas, il a même une crise de Zona en ce moment. Il aimerait se faire tester pour la Covid 19 AVANT de revenir à la maison, pour éviter de contaminer notre petite famille. "
2020-03-20T10:45:23.373Z,0e7ed3f5-c36e-4d36-a831-23abbb3f10f9,What are the symptoms? Is vomiting one of them ?
2020-03-20T10:06:50.556Z,267d9215-d7a2-49c7-b778-f9a0a0cbbdb2,"if i think i have it, should i got get tested"
2020-03-20T11:13:42.652Z,fcf2a352-45da-40b5-9fb3-9684ab71b49c,J aimerai savoir mes fille 3 ans et 4 ans son asmatique et ma plus a un problème de systeme immunitaire et je fais une bronchite mon travail demande que je rentre quand meme malgre la situation quels sont mes recours je mets ma famille en danger et moi meme 
2020-03-20T11:08:16.062Z,2cf1d255-62d3-4f65-869e-d08648c25dbe,Je me demande s'il serait mieux de cesser le travail pour l'isolement à la maison?
2020-03-20T17:02:53.112Z,a061e1ea-7076-45c7-b063-fe37c9207e8f,is covid-19 dangerous
2020-03-20T17:03:45.262Z,71a29314-2b32-43d5-b09a-1795a5380e60,LP test question
2020-03-20T16:29:58.774Z,4a67e634-6653-4a89-9b7c-ff3fcb6153ec,Désolé e. C'est fini! Merci
2020-03-20T12:41:18.285Z,afaf41f0-251f-4351-916b-c4090e06f920,L’écoulement nasal est-il un symptôme ?
2020-03-20T15:24:19.841Z,aa2931e9-bac7-4345-9850-c975e8f3b69c,something something this is jared testing
2020-03-20T16:31:18.978Z,dc065361-3739-4ccb-b0ad-0bf81ee0da6a,What range is the fever at normally if COVID-19 suspected?
2020-03-20T12:41:18.293Z,afaf41f0-251f-4351-916b-c4090e06f920,Pouvez vous me décrire la différence entre toux sèche et toux grasse
2020-03-20T15:43:51.453Z,0f708053-4c32-4972-b280-1406d65be370,"Mon copain travail dans le même garage qu'un autre dont les beaux-parents sont en attentes de résultats e dépistage, s'ils ne travaillent pas côte a côte, est-ce que ça me met a risque de voir mon copain?"
2020-03-20T18:10:01.5Z,92f6836c-4340-4186-b017-9e3156b4635c,"Si on fait du diabète de type 2 et qu'on est traité pour de l'hypertension, on devient combien plus vulnérable qu'un individu sans problème de cette nature?"
2020-03-20T19:53:30.054Z,b80bb5e0-f0ba-42a5-b906-3d897a4d3ad5,Puis-je sortir prendre une marche si je fais de la fièvre?
2020-03-20T20:18:35.88Z,7bf79286-b8fe-4aa0-a9f0-cb53d3e77ddd,pourquoi dois-je être en confinement
2020-03-20T22:04:28.575Z,21839e4b-e5cd-4a69-ae87-58cb47db97eb,I got the flu two weeks ago and are getting symptoms again
2020-03-21T11:52:34.441Z,02c8b1be-a9a9-4d20-a818-0fb273124620,"Je suis revenue de voyage (en provenance de la France) le 6 mars dernier et j'ai une sensation de brulure dans les bronches depuis quelques jours, dois-je prendre rendez-vous pour me faire tester? Ou simplement rester chez moi et attendre."
2020-03-21T11:25:45.462Z,243ce221-7ad9-4421-9c34-f078bb5f4461,Peut-on avoir la COVID-19 2 fois? 
2020-03-21T11:32:09.913Z,470bcaef-ae5a-45ad-a380-b79ad65d42b8,Is it safe to go outside for a walk (social distancing from others)?
2020-03-21T11:40:04.219Z,863d125e-dfb0-4638-aaba-d191ac9bb9e9,"Est ce que la question: arrivez vous de voyage, est "
2020-03-21T09:30:09.313Z,49614d98-6864-472f-9cce-e748b0dbfb90,Avons-nous une idée dans combien de temps les lieux publics/privés (ex: gyms de CrossFit
2020-03-21T10:59:53.419Z,aaa45fa5-962e-4ee1-bcef-cceb93070aa0,comment obtenir un rdv
2020-03-21T11:25:45.451Z,243ce221-7ad9-4421-9c34-f078bb5f4461,Quels sont les premiers symptômes à apparaître? 
2020-03-21T11:05:05.967Z,3e49cb8e-c3da-4192-ac69-85ac0b50cfe0,Dois-je entrer travailler si je suis immunosuprimé
2020-03-21T11:41:51.954Z,abaf5c73-4246-463f-acdb-8acc5b349dee,Should I stay home ?
2020-03-21T12:53:58.443Z,66c7bd79-e62c-428a-adac-f69fb087691c,is migraines a symptom?
2020-03-21T12:45:44.062Z,9de3aa0d-6b7c-45b9-bf20-9ff9fe36a6a6,Y a t’il une orientation pour le personnel travaillant en aire ouverte 
2020-03-21T10:23:56.851Z,9e7442fc-dbbd-4e6b-ac35-f0cc7df8c6b4,Quels sont les symptômes du covid-19?
2020-03-21T08:53:40.791Z,54d87c36-4a7d-4b0b-9463-cab2e01db270,mes oiseaux risquent ils d'attrapper le covid-19
2020-03-21T10:59:53.353Z,aaa45fa5-962e-4ee1-bcef-cceb93070aa0,"l'allocation familiale annoncée, elle sera versée quand"
2020-03-21T11:07:18.655Z,a4e453be-2364-41a1-a9f5-b207aa6c9d26,À quel moment devrions nous nous inquiéter? 
2020-03-21T10:23:56.908Z,9e7442fc-dbbd-4e6b-ac35-f0cc7df8c6b4,Y-a-t-il un remède de disponible? 
2020-03-21T10:59:53.366Z,aaa45fa5-962e-4ee1-bcef-cceb93070aa0,c'est quoi le covid
2020-03-21T10:36:23.684Z,f689b98c-29f7-4a44-8b62-3b69231c8ca5,Si je N'ai pas de fièvre et que je n'ai pas voyagé
2020-03-21T09:58:36.656Z,cd7d48a5-e664-4b53-bfc4-0135570a8865,how can I prevent myself from getting sick?
2020-03-21T10:09:59.19Z,cd91130c-6c89-4886-adb2-9185d7c74611,Est ce que la diarrhée est réellement un signe avant coureur de la covid?
2020-03-21T09:32:33.317Z,26ec6fa2-378f-4485-908b-10617541e58b,Combien de jours le virus peut-il vivre sur des surfaces?
2020-03-21T09:58:36.672Z,cd7d48a5-e664-4b53-bfc4-0135570a8865,Can I visit my parents?
2020-03-21T11:32:09.906Z,470bcaef-ae5a-45ad-a380-b79ad65d42b8,How often should i take my temperature?
2020-03-21T12:16:29.001Z,cba04012-0cfb-430c-b660-4abeeeb1aa70,I have a headache and an itchy throat. Am I at risk? 
2020-03-21T10:59:53.427Z,aaa45fa5-962e-4ee1-bcef-cceb93070aa0,comment avoir un rendez vous
2020-03-21T11:50:01.632Z,87588af0-5b62-46e0-8990-869114b8312e,Un étudiant comme moi peut il être payer à rendre visite aux personnes âgées et être payer ?  
2020-03-21T11:47:20.314Z,839f9516-082a-463d-bdee-595d5d59b1ea,Dois-je aller à l'hôpital si j'ai de la température ?
2020-03-21T11:38:28.706Z,4928dcc7-affb-4651-8082-051e4f9fe269,"Est ce que le covid 19, qui semble etre comparer a une pneumonie, être traité par antibiotique?"
2020-03-21T11:51:21.207Z,5b925b2f-4861-464c-837c-d8656bedfdcc,How long does it last? 
2020-03-21T10:21:07.55Z,6c5954db-597c-4703-b6e9-4bac39f0cd30,Est-ce que le mal de gorge est un symptôme de la covid? 
2020-03-21T10:59:53.377Z,aaa45fa5-962e-4ee1-bcef-cceb93070aa0,combien de temps va durer la pandémie
2020-03-21T11:42:59.473Z,5fb9b2b2-2fd7-4f6a-811f-b96aaf99b279,Is it safe to order food during the COVID-19 pandemic?
2020-03-21T10:59:53.454Z,aaa45fa5-962e-4ee1-bcef-cceb93070aa0,"j'ai une gastro si je vais en clinique, j'ai peur d'attraper le virus"
2020-03-21T10:59:53.402Z,aaa45fa5-962e-4ee1-bcef-cceb93070aa0,suis-je a risque 
2020-03-21T11:40:04.241Z,863d125e-dfb0-4638-aaba-d191ac9bb9e9,"Est ce que la question, arrivez vous de voyage est encore d'actualite?  Messeble que la propagation est au dela de ca? "
2020-03-21T11:25:45.442Z,243ce221-7ad9-4421-9c34-f078bb5f4461,À combien de cas sommes-nous? 
2020-03-21T10:21:07.594Z,6c5954db-597c-4703-b6e9-4bac39f0cd30,Que faire si jai une toux et que je fais de la fièvre?
2020-03-21T10:59:53.466Z,aaa45fa5-962e-4ee1-bcef-cceb93070aa0,"je suis malade, j'ai peur d'aller voir le medecin et attraper le virus"
2020-03-21T10:21:07.528Z,6c5954db-597c-4703-b6e9-4bac39f0cd30,Est-ce qu'il y aura assez de chômage pour tout le monde qui en a besoin?
2020-03-21T11:48:53.564Z,87588af0-5b62-46e0-8990-869114b8312e,Puis-je m’isoler volontairement et être payer ?
2020-03-21T11:07:18.65Z,a4e453be-2364-41a1-a9f5-b207aa6c9d26,Quels sont les symptômes du Covid-19 qui ne s’apparente pas à une grippe? 
2020-03-21T12:34:36.62Z,57443797-c060-462d-9b47-35a3fbfbcbd7,Doit on être confiné ?
2020-03-21T09:45:35.457Z,fdb9ea21-a2c4-4562-b182-b28ff01f256b,How do I know if I have the corona virus
2020-03-21T11:06:23.73Z,92b082a8-7e8c-4f2e-81e1-ba052f1aaa86,I  take daily walks but keep a 6 ft distance when I talk to someone. Is that OK?
2020-03-21T09:23:35.694Z,dfe10a97-9bf9-422f-8251-9e5149904d94,If I have diabetes am I at a higher risk? 
2020-03-21T10:59:53.394Z,aaa45fa5-962e-4ee1-bcef-cceb93070aa0,quela sont les symptomes
2020-03-21T10:58:17.077Z,373f5a80-0bf4-4b59-b3c1-8d98b37d9888,Avec quoi peut-on désinfecter les surfaces?
2020-03-21T09:45:35.493Z,fdb9ea21-a2c4-4562-b182-b28ff01f256b,How can I get tested if I'm asymptomatic?
2020-03-21T02:07:43.764Z,db5a20f9-6ce4-4c89-9833-f4fa5bb70b98,Does eating Oranges daily help to fight this virus
2020-03-21T11:41:51.96Z,abaf5c73-4246-463f-acdb-8acc5b349dee,Where should I be tested ?
2020-03-21T08:56:32.475Z,fb39a023-b0bc-4271-994a-5b6c60a6daa8,Est t il safe de prendre des médicaments t elle que mezavant ou salofak
2020-03-21T09:10:27.241Z,7b743f72-9dea-4951-908a-24e873d76a34,What are the symptoms of COVID-19?
2020-03-21T11:51:21.22Z,5b925b2f-4861-464c-837c-d8656bedfdcc,How long before we are healed 
2020-03-21T10:59:53.437Z,aaa45fa5-962e-4ee1-bcef-cceb93070aa0,"j'ai un rhume, j'ai peur de me présenter dans une clinqiue"
2020-03-21T12:08:35.332Z,a4c13d0e-cdbc-48a8-b24a-7135ec3ed285,"J'ai eu des symptômes en février avec un peu de difficultés à respirer une fois couchée seulement, faible toux, fièvre, courbatures et amygdales super enflées, et grande fatigue 7 à 10 jours de retour à la normale."
2020-03-21T09:58:36.661Z,cd7d48a5-e664-4b53-bfc4-0135570a8865,How do I treat coronavirus?
2020-03-21T09:58:36.672Z,cd7d48a5-e664-4b53-bfc4-0135570a8865,Is it safe to travel to chicago?
2020-03-21T11:47:19.395Z,366a31ab-98bf-4466-b9f3-7b499ac6d75c,How many asymptomatic people are there likely to be?
2020-03-21T10:59:53.337Z,aaa45fa5-962e-4ee1-bcef-cceb93070aa0,suis-je a risque de perdre mon emploi
2020-03-21T11:27:21.479Z,ad249998-092e-4691-98bf-91f2f56c6bbc,
2020-03-21T09:30:09.362Z,49614d98-6864-472f-9cce-e748b0dbfb90,"Avons-nous une idée dans combien de temps les lieux publics/privés (ex: gyms de Crossfit, magasins) réouvriront? Avec précautions et directives bien sûr. "
2020-03-21T09:58:36.66Z,cd7d48a5-e664-4b53-bfc4-0135570a8865,When will it be ok to go outside?
2020-03-21T09:22:36.563Z,507092f6-fee4-47e3-89a1-39c932ac23ae,age wise statistics for covid-19
2020-03-21T02:07:43.819Z,db5a20f9-6ce4-4c89-9833-f4fa5bb70b98,Does temperature has any effect on the virus
2020-03-21T10:37:53.125Z,f689b98c-29f7-4a44-8b62-3b69231c8ca5,Est-ce que nous sommes en période de transmission communautaire?
2020-03-21T09:31:04.859Z,d66fdac6-939a-4737-a37c-69851ecf623a,"Si j’ai une maladie pulmonaire et que je suis infectée par le covid-19, il va s’écouler combien de temps avant de mourir?"
2020-03-21T10:36:23.684Z,f689b98c-29f7-4a44-8b62-3b69231c8ca5,Quoi faire si je tousse
2020-03-21T08:52:33.554Z,04227e51-dd74-4104-9b40-f1be16f97eea,How long will it take to develop a vaccine ? 
2020-03-21T09:45:35.478Z,fdb9ea21-a2c4-4562-b182-b28ff01f256b,How do I know when to get tested?
2020-03-21T12:03:39.463Z,0d1368ad-6269-497a-92be-bef48c314dcd,Are research fundings going to be cut as a result of the virus?
2020-03-21T11:05:06.001Z,3e49cb8e-c3da-4192-ac69-85ac0b50cfe0,Pourquoi je ne peux pas faire de télétravail dans le domaine de la santé 
2020-03-21T10:52:23.4Z,90f34527-81fa-437a-820d-4200855973a6,Qu'arrivera t'il de mon emploi?
2020-03-21T10:59:53.385Z,aaa45fa5-962e-4ee1-bcef-cceb93070aa0,j'ai besoin d'aide je crois
2020-03-21T10:59:53.446Z,aaa45fa5-962e-4ee1-bcef-cceb93070aa0,"j'ai une gastro, j'ai peur de me présenter dans une clinnique"
2020-03-21T12:40:08.923Z,17a0efa7-9250-48eb-8b2e-32ea3f85abaf,"Must the fever-symptom related to COVID-19 be a continuous fever, or is it possible that the fever is short-lived?"
2020-03-21T11:38:28.685Z,4928dcc7-affb-4651-8082-051e4f9fe269,"Est-ce que le covid 19, qui semble etre comparer a une pneumonie"
2020-03-21T10:59:53.411Z,aaa45fa5-962e-4ee1-bcef-cceb93070aa0,comment obtenir de l'info pour le depistage
2020-03-21T14:17:50.653Z,a3b6c189-79f6-4af2-af92-db67168e987b,I have Hashimoto's hypothyroiditis. Am I more at risk? I also had a PE due to Fv-leiden and oral contraceptives in 2001...what do you recommend I do?
2020-03-21T14:03:01.217Z,97204b2c-e758-4ddd-a307-9993c294fd3f,Test 
2020-03-21T16:15:49.232Z,3eb07cc6-e9a7-40d0-9609-553a07823637,Is there a cure for corona virus?
2020-03-21T13:07:20.011Z,a9087615-d23d-475f-8d82-2988881cefe9,Lp test 
2020-03-21T16:15:49.306Z,3eb07cc6-e9a7-40d0-9609-553a07823637,Are young people susceptible to corona virus?
2020-03-21T14:39:38.156Z,82bb15fa-39f0-4203-9de0-654e2355eb6c,Je tousse depuis 5 jours. Est-ce que je devrais aller à l'urgence?
2020-03-21T12:08:45.254Z,b43c1b22-205c-4b49-805f-3b8c0cc3e588,Y a-t-il des dangers pour les femmes enceintes ?
2020-03-21T13:40:33.053Z,7d2fbe6e-02f8-471d-82eb-5eda2cbd4ddb,Est ce que de mettre un masque me protège bien du virus? 
2020-03-21T15:54:28.923Z,c2a02e70-8aeb-47c0-b026-83d46e30c457,Est ce que le Coronavirus part au lavage ? 
2020-03-21T16:32:30.495Z,51ca9f71-017c-41b1-af5e-1de3f19883fe,Est-ce que la transmission communautaire est débuté?
2020-03-21T16:15:49.262Z,3eb07cc6-e9a7-40d0-9609-553a07823637,How do I know if I have been infected?
2020-03-21T15:51:43.742Z,ea3021bb-0785-4fdd-a2af-95ae20568b5c,Que dois-je faire si je présente des symptômes du COVID-19 ?
2020-03-21T13:22:06.785Z,018327a0-2672-447f-aa15-5168dbde9c1c,"Après 14 jours de confinement, puis-je retourner au travail si je n'ai pas de symptômes?"
2020-03-21T12:34:36.617Z,57443797-c060-462d-9b47-35a3fbfbcbd7,"Bonjour, puis je me réunir avec des amis ?"
2020-03-21T13:15:29.882Z,00e8ad36-3dc4-4908-98bb-c348d51ec7e3,How does COVID-19 affect asymptomatic people's lungs? 
2020-03-21T16:24:13.235Z,95b95e68-cea1-456f-9120-aefd7834c5e1,What about the researches with respect to treatment of COVID-19
2020-03-21T17:35:54.099Z,d8f93e1c-180c-44c8-8c27-7ebeeceda751,Avez-vous des informaticiens sur COVID-19
2020-03-21T12:36:05.643Z,c6054612-f7c4-4d46-accb-c3f88d514a6d,Est-ce que on peut être malade mais ne pas présenter de symptômes?
2020-03-21T15:51:43.605Z,ea3021bb-0785-4fdd-a2af-95ae20568b5c,Combien de gens sont infectés au Canada ?
2020-03-21T15:54:28.812Z,c2a02e70-8aeb-47c0-b026-83d46e30c457,Quelles sont les symptômes du covid ? 
2020-03-21T12:45:44.068Z,9de3aa0d-6b7c-45b9-bf20-9ff9fe36a6a6,Est ce que le covoiturage est à éviter en cette période de pandémie 
2020-03-21T13:49:03.253Z,f05dff01-c140-4b69-bc67-80f491f3ae07,Combien de temps le virus survie t'il hors du corps?
2020-03-21T14:14:42.311Z,a4c13d0e-cdbc-48a8-b24a-7135ec3ed285,Le coronavirus survit-il quand une personne contaminée meurt ?
2020-03-21T15:51:43.68Z,ea3021bb-0785-4fdd-a2af-95ae20568b5c,Quels sont les symptômes du COVID-19 ?
2020-03-21T14:45:32.533Z,83b1fc46-dfa3-40a5-a728-a0cd08cb003a,"J'ai des écoulements nasaux, est-ce que je devrais me faire tester pour le covid?"
2020-03-21T15:03:36.95Z,0c3f8668-cc95-49c7-b6db-8c9d7e33f78c,Test 
2020-03-21T16:15:49.22Z,3eb07cc6-e9a7-40d0-9609-553a07823637,What's corona virus?
2020-03-21T12:22:22.697Z,62c1cd74-c04c-4f5c-a743-91d58d410e34,Hi
2020-03-21T16:41:57.517Z,8c2be3c5-7e39-4cb6-ae74-5c0aff539ab4,What are the Symptome 
2020-03-21T16:18:43.569Z,c8b7b2a5-a411-4c8a-809b-e376fbef8328,"Mon nez coule, dois-je m'inquiéter?"
2020-03-21T14:39:38.158Z,82bb15fa-39f0-4203-9de0-654e2355eb6c,"Si je suis en isolement depuis 10 jours et que mes parents aussi, est-ce qu'on devrait se visiter?"
2020-03-21T12:53:58.382Z,66c7bd79-e62c-428a-adac-f69fb087691c,what is going to happen to us?
2020-03-21T15:39:48.616Z,a6c45235-f509-43c1-9f45-dde1ef257c7d,Combien de morts aujourd’hui dans le monde?
2020-03-21T15:21:13.73Z,9d9d9bac-8687-4951-b247-5822a98869f0,Quels sont les symptômes du Covid-19 ?
2020-03-21T12:45:44.085Z,9de3aa0d-6b7c-45b9-bf20-9ff9fe36a6a6,La femme enceinte est elle considérée plus à risque ?
2020-03-21T14:00:29.15Z,0ca32b20-b512-414f-b84c-5f966c4cb042,Comment puis-je me faire tester?
2020-03-21T16:15:49.283Z,3eb07cc6-e9a7-40d0-9609-553a07823637,Should I go to the ER or my physician directly if I'm infected?
2020-03-21T16:36:51.5Z,6147e278-3c26-40e4-a016-b18f494c03a3,what are the symptoms of covid-19 by day of infection?
2020-03-21T15:45:37.156Z,149bd5f4-019c-4141-9c95-84d4f10bc2f8,How long does the virus remain on a surface?
2020-03-21T16:35:48.448Z,461b0490-15e2-4780-a3cf-cc24c5029b2b,Can you catch covid 19 after having had it before 
2020-03-21T15:15:40.593Z,7ff9c658-7ae1-4e9c-941e-80187cb1c7f0,what is coronavirus
2020-03-21T13:39:24.723Z,0c3f8668-cc95-49c7-b6db-8c9d7e33f78c,Testing 
2020-03-21T15:54:28.836Z,c2a02e70-8aeb-47c0-b026-83d46e30c457,Combien de personnes sont infectés à Montréal ? 
2020-03-21T15:48:29.999Z,291fcd60-0f53-4d6a-bff3-086b6f753267,What are the coronavirus symptoms?
2020-03-21T16:23:07.712Z,254f9eaa-2899-4a93-81db-fa92da868c6d,Combien de cas prévoyons nous avoir d’ici 1mois
2020-03-21T13:34:43.669Z,16c1484f-fcfa-4d3f-979a-d4b728b69bd0,What should i do if i am short of breath?
2020-03-21T15:22:57.414Z,9b1c0bfc-6f52-47df-bed9-cc5a7d292d07,Combien de temps dure un rhume normalement ?
2020-03-21T14:21:13.526Z,4e4447a0-86d9-4c54-9d5b-f956e1cf705f,Est-ce qu'il existe actuellement un médicament efficace contre le Covid-19?
2020-03-21T16:23:07.705Z,254f9eaa-2899-4a93-81db-fa92da868c6d,Es ce facile de se faire tester si nous avons les symptômes
2020-03-21T14:38:01.481Z,9a8f9c74-c96a-414b-9bf8-21fd5f6ddc09,Prendre une marche avec une autre personne c'est risqué?
2020-03-21T17:54:32.891Z,e912766a-3a24-4c7c-8520-f1552b2b8982,Est ce que je peux aller porter de la nourriture à une personne en quarantaine?
2020-03-21T14:03:01.199Z,97204b2c-e758-4ddd-a307-9993c294fd3f,Test 
2020-03-21T13:22:06.641Z,018327a0-2672-447f-aa15-5168dbde9c1c,Quels sont les critères qui vous permettront de lever l'état d'urgence sanitaire et les consignes de confinement?
2020-03-21T17:04:45.152Z,b46310b5-5877-465c-bd0f-67bad5b70f3a,O que é o covid19 ?
2020-03-21T12:53:58.397Z,66c7bd79-e62c-428a-adac-f69fb087691c,when will the pandemic end?
2020-03-21T13:40:32.963Z,7d2fbe6e-02f8-471d-82eb-5eda2cbd4ddb,"Je tousse un peu, est ce que je doit me faire tester au covid 19 ? "
2020-03-21T12:34:57.216Z,39f06664-ce29-4156-b875-799c5ccb406d,Test
2020-03-21T14:32:23.113Z,3759c119-2722-46b9-b513-acbdcc5e6e95,My throat seems to burn a little. Should i be worried ?
2020-03-21T14:38:01.608Z,9a8f9c74-c96a-414b-9bf8-21fd5f6ddc09,"Combien de temps le virus reste sur les surfaces, les vêtements ou les aliments?"
2020-03-21T16:16:36.573Z,bae585c4-38e7-4e93-ac5b-52b2d03ae34b,"Ma conjointe travaille dans un commerce essentiel et est en contact avec plein de gens dont on ne peut pas savoir s'ils sont à risque de propagation ou pas.  Je suis à la maison et je ne sors pas depuis 1 semaine.  Si j'ai des symptômes de rhume sans fièvre, devrais-je m'inquiéter?"
2020-03-21T16:38:20.457Z,d2bf053f-2512-4f30-aab6-cf74894dc3c2,Is the Asymptomatic Carrier a temporary status? 
2020-03-21T13:40:32.902Z,7d2fbe6e-02f8-471d-82eb-5eda2cbd4ddb,Qui est plus à risque de mourir du virus ? 
2020-03-21T15:48:30.015Z,291fcd60-0f53-4d6a-bff3-086b6f753267,Is it OK I go out for a walk alone?
2020-03-21T12:53:58.418Z,66c7bd79-e62c-428a-adac-f69fb087691c,will governments learn from this?
2020-03-21T16:03:27.615Z,1ec981b1-26fc-4ae7-a416-a8c4bc026179,I am coughing so you think I have Coronavirus?
2020-03-21T14:00:29.163Z,0ca32b20-b512-414f-b84c-5f966c4cb042,Mon enfant est malade et a le
2020-03-21T12:36:25.104Z,e186f383-beae-4595-a721-f9bd8c2f0a00,"Comme tierce personne en contacte avec une personne en quarantaine revenant de voyage mais ne présentant pas de symptômes, dois-je me placer en quarantaine?  Et pour quelle période?"
2020-03-21T13:40:32.931Z,7d2fbe6e-02f8-471d-82eb-5eda2cbd4ddb,Est ce que je peux visiter ma famille ? 
2020-03-21T14:52:36.787Z,de362e50-1013-41bd-94e7-e6f76938cecd,Tu réponds pas au question?
2020-03-21T16:52:42.242Z,3d8b0fe1-ac29-4c02-acab-a4834608a0a4,What are the risks for a person between 20 and 40 years old with asthma?
2020-03-21T13:49:03.303Z,f05dff01-c140-4b69-bc67-80f491f3ae07,Y'a t'il vraiment un risque de contagion quand je vais faire l'épicerie?
2020-03-21T16:15:49.323Z,3eb07cc6-e9a7-40d0-9609-553a07823637,Where can I find most up to date numbers on cases and deaths?
2020-03-21T16:38:04.707Z,9a87c6dd-9939-4070-a0d9-da7f66683eb6,Is there an estimate as to how long the crisis will last?
2020-03-21T14:06:54.33Z,637d0a33-e8a2-496d-bbd4-8ad2e93246ad,Est-ce que mes enfants peuvent fréquenter d'autres enfants ?
2020-03-21T15:35:50.242Z,0ad487b2-a4ae-4137-a487-831f7af8827b,Is it true that warm kills Coronavirus?
2020-03-21T12:40:08.985Z,17a0efa7-9250-48eb-8b2e-32ea3f85abaf,Does everyone that contracts the virus show symptoms? Or will only certain people show symptoms?
2020-03-21T14:32:43.504Z,b95e3026-d4c2-4c4a-b45f-6cd16c5be92c,Should I use NSAIDs?
2020-03-21T13:22:06.634Z,018327a0-2672-447f-aa15-5168dbde9c1c,Quand les écoles vont-elles rouvrir?
2020-03-21T16:25:16.658Z,52ea60bd-df60-4c3b-a5f7-e63292fe95b7,How to know if I get COVID-19 or not?
2020-03-21T15:26:17.52Z,8e5ed942-acf5-43a3-bb0e-557428452106,Combien de temps le virus reste-t-il présent sur les fruits et les légumes?
2020-03-21T14:52:39.608Z,e56d5bdd-fa1a-48c7-b116-92433e45b833,what are the symptoms of coronavirus
2020-03-21T15:09:51.902Z,a5af387a-80ad-4854-9355-9078ce80ba66,"Bonjour, j’ai appris que dans le bâtiment où mon père travaille, il y a eu un cas de covid déclaré. On ne sait pas si mon père a été en contact avec cette personne. Il a décidé de passer le test même s’il n’a aucun symptômes. Pour ma part, je n’ai aucun symptômes, est ce que je suis obligé de rester en quarantaine ou je peux continuer à aller travailler tout en prenant mes précautions? Merci  "
2020-03-21T16:36:06.675Z,107eeb57-8b1f-481e-aff5-8ce87b1cea8a,When will primary schools start?
2020-03-21T13:40:33.065Z,7d2fbe6e-02f8-471d-82eb-5eda2cbd4ddb,À quelle distance je dois me tenir des autres personnes pour respecter les consignes du gouvernement ? 
2020-03-21T14:43:01.383Z,968f3919-1f56-4eca-a8b2-ed64cdffdf79,Is it true that you can get the virus again even after you've recovered 
2020-03-21T13:18:00.026Z,ca77e917-de07-4fae-9e6c-adac69ef36c9,Mon autre situation : mes enfants sont en garde partagée et leur père vie avec grand-maman qui revient tout juste de voyage. Les enfants restent avec moi le tempsmque sa quarantaine terminé ( soit le 31 mars prochain) serait il envisageable qu'ils retournent chez papa à cette date où il est préférable qu'ils restent ici le temps que tout se calme?
2020-03-21T15:21:17.573Z,4d0285a2-b934-4449-ab6e-97b075642497,Does covid-19 spread in tropical conditions?
2020-03-21T13:40:33Z,7d2fbe6e-02f8-471d-82eb-5eda2cbd4ddb,Quel médicaments puis je prendre pour diminuer le risque de le contracter ? 
2020-03-21T14:45:18.753Z,22acb4b7-fe15-46a8-bff8-109707707762,I would like clarifications about the fact that test results don't work if you don't have symptoms. That does not seem like a commonality we usually see with tests like this.
2020-03-21T14:00:29.167Z,0ca32b20-b512-414f-b84c-5f966c4cb042,Puis-je sortir de chez moi si un membre de ma famille qui habite chez moi a le coronavirus? 
2020-03-21T15:36:44.628Z,65485caa-ddf9-4d7e-9988-479f9331cc49,how many death in italy?
2020-03-21T13:40:32.955Z,7d2fbe6e-02f8-471d-82eb-5eda2cbd4ddb,À quelle clinique est ce que je peux aller me faire tester au covid 19 ? 
2020-03-21T17:54:32.993Z,e912766a-3a24-4c7c-8520-f1552b2b8982,Quelles sont les statistiques québécoises?  
2020-03-21T12:08:45.269Z,b43c1b22-205c-4b49-805f-3b8c0cc3e588,Je suis inquiet pour une personne actuellement en voyage. Où puis-je obtenir de l’information à ce sujet ?
2020-03-21T13:40:32.915Z,7d2fbe6e-02f8-471d-82eb-5eda2cbd4ddb,"Si j'ai un rhume, est ce que cela peut être le covid 19 ?"
2020-03-21T13:40:33.008Z,7d2fbe6e-02f8-471d-82eb-5eda2cbd4ddb,"Mon système immunitaire est très faible, est ce que je peux tout de même aller faire mon épicerie ? "
2020-03-21T16:35:40.321Z,13b9248d-7ba2-4a4c-9fd7-f1c59dcce95f,is china responsible for the spreading of COVID-19?
2020-03-21T12:16:29.006Z,cba04012-0cfb-430c-b660-4abeeeb1aa70,What are the symptoms of the Corina virus? 
2020-03-21T16:15:49.242Z,3eb07cc6-e9a7-40d0-9609-553a07823637,Is there a vaccine for corona virus?
2020-03-21T13:36:43.622Z,2ae72d93-3511-4244-873e-e2ed2bba00fe,J’ai lu un article dans La Presse que les syndromes gastro intestinaux sont sous estimés et qu’ils peuvent précéder la toux et la difficulté à respirer. Votre questionnaire n’en fait pas mention.  
2020-03-21T13:34:43.676Z,16c1484f-fcfa-4d3f-979a-d4b728b69bd0,How do I distinguish between the flu and coronavirus?
2020-03-21T16:03:27.644Z,1ec981b1-26fc-4ae7-a416-a8c4bc026179,Can a 5 year old get Coronavirus?
2020-03-21T15:48:29.983Z,291fcd60-0f53-4d6a-bff3-086b6f753267,"I have temperature, what should I do?"
2020-03-21T13:49:03.336Z,f05dff01-c140-4b69-bc67-80f491f3ae07,Le virus survie t'il vraiment plusieurs heures sur l'asphalte?
2020-03-21T14:32:43.5Z,b95e3026-d4c2-4c4a-b45f-6cd16c5be92c,Should I use asprin with I have the coronavirus?
2020-03-21T16:15:49.313Z,3eb07cc6-e9a7-40d0-9609-553a07823637,Do I need a mask?
2020-03-21T16:36:06.691Z,107eeb57-8b1f-481e-aff5-8ce87b1cea8a,How long will social distancing measures last?
2020-03-21T12:53:58.425Z,66c7bd79-e62c-428a-adac-f69fb087691c,could we have done better?
2020-03-21T12:22:33.422Z,9d0881f3-478a-4a8c-b48a-42d550ec5c71,Je suis enceinte et j’ai des suivis à l’hôpital. Est-ce que je peux être accompagnée?
2020-03-21T16:18:43.612Z,c8b7b2a5-a411-4c8a-809b-e376fbef8328,A partir de quelle température de fièvre doit-on s'inquiéter ?
2020-03-21T13:40:32.883Z,7d2fbe6e-02f8-471d-82eb-5eda2cbd4ddb,Quels sont les symptômes de la covid 19 ?
2020-03-21T12:40:03.511Z,ff20466f-f115-407e-8030-cd03c9b5dce2,Lp test 
2020-03-21T12:53:58.407Z,66c7bd79-e62c-428a-adac-f69fb087691c,will the virus continue to spread for a long time?
2020-03-21T14:02:25.519Z,0f20ee6c-0cac-4d0d-880d-1a2a6c87d96d,Do the symptoms start suddenly or they progress slowly from one day to another? 
2020-03-21T16:31:49.16Z,04ef00bf-88aa-439f-aaef-0d3861e7fbeb,Est ce que vous pensez que la quarantaine obligatoire pour tous aura lieu bientôt?
2020-03-21T14:35:52.181Z,d50f1adb-49c7-42f9-a178-393f2ef34076,When should I visit a doctor?
2020-03-21T15:26:17.539Z,8e5ed942-acf5-43a3-bb0e-557428452106,Peut-on laver les fruits et les légumes avec de l'eau seulement?
2020-03-21T13:22:06.785Z,018327a0-2672-447f-aa15-5168dbde9c1c,Je dois me rendre chaque semaine pour faire effectuer des prélèvements pour un suivi serré de mon état de santé (cardiaque). Est-ce que je dois me rendre comme d'habitude au centre de prélèvement ou il existe de nouvelles consignes?
2020-03-21T13:22:06.667Z,018327a0-2672-447f-aa15-5168dbde9c1c,Auriez-vous une recette de galette portugaise?
2020-03-21T12:16:29.044Z,cba04012-0cfb-430c-b660-4abeeeb1aa70,What are are my chances of dying if I have the covid 19 virus? 
2020-03-21T12:08:45.259Z,b43c1b22-205c-4b49-805f-3b8c0cc3e588,Où puis-je faire du bénévolat pour aider les personnes en isolement dans le besoin ?
2020-03-21T14:48:02.337Z,83b1fc46-dfa3-40a5-a728-a0cd08cb003a,Qui doit se faire tester pour la covid?
2020-03-21T16:44:09.011Z,5ea9e5de-608a-4022-819c-52734275a59b,Est il utile de porter un masque ?
2020-03-21T13:40:33.033Z,7d2fbe6e-02f8-471d-82eb-5eda2cbd4ddb,Est-ce que je peux allaiter mon bébé si j'ai le covid 19? 
2020-03-21T12:34:57.238Z,39f06664-ce29-4156-b875-799c5ccb406d,Test2
2020-03-21T16:38:04.75Z,9a87c6dd-9939-4070-a0d9-da7f66683eb6,Will suicide rates go up?
2020-03-21T13:40:33.075Z,7d2fbe6e-02f8-471d-82eb-5eda2cbd4ddb,"J'ai peur d'attraper le virus, que dois-je faire ??? "
2020-03-21T17:05:17.598Z,5882aa1f-95de-4469-bb0f-5d117bdf19b9,Les animaux peuvent-ils transmettre le COVID-19?
2020-03-21T15:54:28.775Z,c2a02e70-8aeb-47c0-b026-83d46e30c457,Est ce que je peux continuer à aller faire mon sport dehors ? 
2020-03-21T16:23:54.824Z,068649dc-f3aa-4d52-a16b-6f054b781c9e,Combien de temps le virus reste-t-il sur les surfaces?
2020-03-21T12:57:22.989Z,eb19b3ff-6d90-4eb8-9062-b81684bedfcf,What medication is recommended if I contract covid-19?
2020-03-21T14:52:36.783Z,de362e50-1013-41bd-94e7-e6f76938cecd,"J’ai de la toux grasse et mon nez coule, est-ce que j’ai le coronavirus?"
2020-03-21T16:15:49.274Z,3eb07cc6-e9a7-40d0-9609-553a07823637,What do I do if I suspect I'm infected?
2020-03-21T13:40:33.048Z,7d2fbe6e-02f8-471d-82eb-5eda2cbd4ddb,Est ce que les enfants de moins de 1 an sont plus à risque d'avoir des complications ? 
2020-03-21T13:40:32.888Z,7d2fbe6e-02f8-471d-82eb-5eda2cbd4ddb,Comment prévenir la transmission du virus ? 
2020-03-21T16:38:20.454Z,d2bf053f-2512-4f30-aab6-cf74894dc3c2,What is an Asymptomatic Carrier?
2020-03-21T13:17:59.968Z,ca77e917-de07-4fae-9e6c-adac69ef36c9,Suite... Est ce que j'aurai droit à une aide quelconque si la situation perdure compte tenu que je n'ai pas d'emploi et que mon prêt scolaire se termine? 
2020-03-21T15:39:44.891Z,f69128f8-e521-4880-83c2-76ca35c46d38,Can drinking alcohol helps COVID19? 
2020-03-21T15:51:43.612Z,ea3021bb-0785-4fdd-a2af-95ae20568b5c,Combien de gens sont infectés au Québec ?
2020-03-21T16:53:46.47Z,235c1a5d-8227-4279-9a9d-9b168125736f,"Je ressens de léger brulement aux bronches, est-ce un symptôme?"
2020-03-21T13:22:06.661Z,018327a0-2672-447f-aa15-5168dbde9c1c,Est-ce que les asthmatiques ont plus de risques de complication suite à une infection au covid-19?
2020-03-21T16:39:35.601Z,5bbdba4b-0188-4e6b-bc7b-4ffcacdc0732,I have asthma. How at risk am I about the possibility of complications?
2020-03-21T15:36:44.629Z,65485caa-ddf9-4d7e-9988-479f9331cc49,How many cases in Montreal?
2020-03-21T15:21:13.675Z,9d9d9bac-8687-4951-b247-5822a98869f0,Quels sont les traitements ?
2020-03-21T12:41:49.889Z,875db890-aa35-4396-a577-219cfea2378a,Est-ce nécessaire de tout nettoyer les produits d'épicerie rapportés à la maison?
2020-03-21T13:22:06.614Z,018327a0-2672-447f-aa15-5168dbde9c1c,Quand la pandémie va-t-elle se terminer?
2020-03-21T16:23:54.813Z,068649dc-f3aa-4d52-a16b-6f054b781c9e,Devrait-on cesser la garde partagée?
2020-03-21T12:19:51.391Z,dc6a2a06-7cea-4b9c-868e-d28094c0f8b5,"If I traveled from Vancouver to quebec city, do i need to quaratine ? "
2020-03-21T16:15:49.299Z,3eb07cc6-e9a7-40d0-9609-553a07823637,Is it like regular flu?
2020-03-21T15:54:28.892Z,c2a02e70-8aeb-47c0-b026-83d46e30c457,Combien de temps le Coronavirus reste il sur les habits ? 
2020-03-21T13:56:49.03Z,9ad0060c-5628-4e8c-ba12-a7167213f27e,"My boyfriend experienced gastro intestinal symptoms and came from abroad, should he get tested?"
2020-03-21T16:37:30.743Z,ff2949a6-4d58-4305-8456-459400fe7cf1,"In this time of crisis, is it okay to feed the raccoons"
2020-03-21T13:39:10.948Z,d90b7754-a540-47f2-a90c-7cbc35def960,what are cov19 symptoms
2020-03-21T14:02:57.045Z,ba8ef58c-ddcc-4dbb-bf57-ea2dd5a341e6,How long do you expect these restrictive measures to last?
2020-03-21T14:02:57.06Z,ba8ef58c-ddcc-4dbb-bf57-ea2dd5a341e6,"If I experience symptoms but they are manageable, should I still go to the hospital for testing?"
2020-03-21T15:04:51.449Z,0c3f8668-cc95-49c7-b6db-8c9d7e33f78c,Test 
2020-03-21T14:38:01.565Z,9a8f9c74-c96a-414b-9bf8-21fd5f6ddc09,Est ce que la température chaud ou froid peut tuer le virus?
2020-03-21T16:06:58.683Z,a76467b5-8258-4335-9659-8e6bfbbf8d1c,Sais cool merci
2020-03-21T15:06:47.213Z,0c3f8668-cc95-49c7-b6db-8c9d7e33f78c,Test 
2020-03-21T16:03:27.625Z,1ec981b1-26fc-4ae7-a416-a8c4bc026179,How do people get infected with Coronavirus?
2020-03-21T14:00:29.154Z,0ca32b20-b512-414f-b84c-5f966c4cb042,"J’ai été en contact avec un membre de ma famille qui est revenu de voyage il y a 5 jours, il est asymptomatique, je fais de la fièvre et je tousse depuis hier, dois-je me faire tester?"
2020-03-21T13:39:10.941Z,d90b7754-a540-47f2-a90c-7cbc35def960,how many people died so far?
2020-03-21T16:19:36.124Z,a352fba6-1514-4d1b-a85f-5bfcd10add97,Combien de gens sont mort du covid-19 au canada?
2020-03-21T14:43:01.365Z,968f3919-1f56-4eca-a8b2-ed64cdffdf79,"If you recover from the virus, can you still be a carrier "
2020-03-21T13:17:59.92Z,ca77e917-de07-4fae-9e6c-adac69ef36c9,"Bonjour, voici ma situation : je suis maman monoparentale aux études à temps plein ( technique collégiale/dernière session) ma seule source de revenu étant mes prêt et bourses le dernier dépôt de l'AFE sera le 1er mai"
2020-03-21T16:15:49.252Z,3eb07cc6-e9a7-40d0-9609-553a07823637,What are the symptoms for corona virus?
2020-03-21T13:40:33.02Z,7d2fbe6e-02f8-471d-82eb-5eda2cbd4ddb,Est ce sécuritaire d'aller faire mon épicerie avec mes enfants ? 
2020-03-21T14:06:54.32Z,637d0a33-e8a2-496d-bbd4-8ad2e93246ad,Est-ce que je peux continuer à prendre des marches avec des amis ?
2020-03-21T15:36:20.298Z,bb22c696-3a40-4f57-8175-4b31cec184e5,How long can the virus live?
2020-03-21T12:57:22.995Z,eb19b3ff-6d90-4eb8-9062-b81684bedfcf,"If I contract the virus, does wearing a mask prevent others getting infected?"
2020-03-21T14:38:01.524Z,9a8f9c74-c96a-414b-9bf8-21fd5f6ddc09,Doit on lavé les emballages fruits et légumes ramené de l'épicerie avant des les ranger dans nos placards? 
2020-03-21T15:51:43.651Z,ea3021bb-0785-4fdd-a2af-95ae20568b5c,Combien de gens sont infectés dans ma région / dans la région X ?
2020-03-21T16:52:42.209Z,3d8b0fe1-ac29-4c02-acab-a4834608a0a4,What is the risk for an asthmatic ?
2020-03-21T15:48:30.032Z,291fcd60-0f53-4d6a-bff3-086b6f753267,Should I be worried about getting sick if the government does not lock down everything?
2020-03-21T14:44:18.023Z,83b1fc46-dfa3-40a5-a728-a0cd08cb003a,
2020-03-21T12:53:58.435Z,66c7bd79-e62c-428a-adac-f69fb087691c,what are the symptoms?
2020-03-21T17:06:43.597Z,1a9f855a-287d-4ef2-a398-3621bfab57b5,How many cases of the coronavirus are there in Montreal?
2020-03-21T16:38:53.121Z,cc976623-4e9a-494d-bf3f-cd14406dc634,Bonjour
2020-03-21T16:16:36.577Z,bae585c4-38e7-4e93-ac5b-52b2d03ae34b,"Pourquoi les statistiques du Québec contiennent toujours 22 personnes dans une région ""Indéterminée"" et ce jour après jour?"
2020-03-21T13:40:32.978Z,7d2fbe6e-02f8-471d-82eb-5eda2cbd4ddb,Combien de temps le virus survit sur une surface sèche ? 
2020-03-21T16:23:54.809Z,068649dc-f3aa-4d52-a16b-6f054b781c9e,Quel est le danger pour un nouveau né?
2020-03-21T17:06:43.62Z,1a9f855a-287d-4ef2-a398-3621bfab57b5,How contagious is the virus?
2020-03-21T16:36:06.69Z,107eeb57-8b1f-481e-aff5-8ce87b1cea8a,Are there confirmed cases in my neighborhood 
2020-03-21T12:20:20.176Z,99e39e32-3b85-42c0-808d-98ca52701aa9,How long is this expected to last?
2020-03-21T12:40:03.516Z,ff20466f-f115-407e-8030-cd03c9b5dce2,Lp test 
2020-03-21T16:38:04.746Z,9a87c6dd-9939-4070-a0d9-da7f66683eb6,Why is there no toilet paper?
2020-03-21T13:40:32.989Z,7d2fbe6e-02f8-471d-82eb-5eda2cbd4ddb,Combien de  temps le virus survit sur une surface humide? 
2020-03-21T13:39:26.503Z,9c1b4039-c331-43fb-b7da-5f77f3403575,what is covid-19
2020-03-21T16:23:07.701Z,254f9eaa-2899-4a93-81db-fa92da868c6d,Comment savoir quelle centre de personnes âgées sont affecté?
2020-03-21T13:34:43.663Z,16c1484f-fcfa-4d3f-979a-d4b728b69bd0,What are the symptoms for COVID-19 ?
